{
    "Version": "2012-10-17",
    "Statement": [
        {
            "Sid": "Stmt1493936907000",
            "Effect": "Allow",
            "Action": [
                "dynamodb:DescribeLimits",
                "dynamodb:DescribeReservedCapacity",
                "dynamodb:DescribeReservedCapacityOfferings",
                "dynamodb:DescribeTable",
                "dynamodb:GetItem",
                "dynamodb:GetRecords",
                "dynamodb:ListTables",
                "dynamodb:PutItem",
                "dynamodb:Query",
                "dynamodb:Scan",
                "dynamodb:UpdateItem"
            ],
            "Resource": [
                "arn:aws:dynamodb:us-east-1:628920026067:table/nouns_verbs_and_adjectives"
            ]
        }
    ]
}